image_names,class
000001.jpg,0
000002.jpg,0
000003.jpg,1
000004.jpg,0
000005.jpg,0
000006.jpg,0
000007.jpg,1
000008.jpg,1
000009.jpg,0
000010.jpg,0
000011.jpg,0
000012.jpg,1
000013.jpg,1
000014.jpg,0
000015.jpg,1
000016.jpg,1
000017.jpg,0
000018.jpg,0
000019.jpg,0
000020.jpg,1
000021.jpg,1
000022.jpg,0
000023.jpg,1
000024.jpg,0
000025.jpg,1
000026.jpg,0
000027.jpg,0
000028.jpg,0
000029.jpg,0
000030.jpg,1
000031.jpg,0
000032.jpg,1
000033.jpg,1
000034.jpg,0
000035.jpg,0
000036.jpg,1
000037.jpg,1
000038.jpg,1
000039.jpg,0
000040.jpg,0
000041.jpg,1
000042.jpg,0
000043.jpg,0
000044.jpg,0
000045.jpg,0
000046.jpg,0
000047.jpg,0
000048.jpg,1
000049.jpg,1
000050.jpg,1
000051.jpg,1
000052.jpg,1
000053.jpg,1
000054.jpg,0
000055.jpg,1
000056.jpg,0
000057.jpg,0
000058.jpg,0
000059.jpg,0
000060.jpg,1
000061.jpg,1
000062.jpg,0
000063.jpg,0
000064.jpg,1
000065.jpg,1
000066.jpg,0
000067.jpg,1
000068.jpg,1
000069.jpg,1
000070.jpg,1
000071.jpg,0
000072.jpg,1
000073.jpg,0
000074.jpg,0
000075.jpg,0
000076.jpg,1
000077.jpg,0
000078.jpg,0
000079.jpg,1
000080.jpg,1
000081.jpg,1
000082.jpg,1
000083.jpg,0
000084.jpg,0
000085.jpg,0
000086.jpg,0
000087.jpg,0
000088.jpg,0
000089.jpg,0
000090.jpg,1
000091.jpg,1
000092.jpg,0
000093.jpg,0
000094.jpg,0
000095.jpg,0
000096.jpg,0
000097.jpg,0
000098.jpg,0
000099.jpg,0
000100.jpg,0
000101.jpg,0
000102.jpg,1
000103.jpg,0
000104.jpg,1
000105.jpg,1
000106.jpg,0
000107.jpg,0
000108.jpg,0
000109.jpg,1
000110.jpg,0
000111.jpg,0
000112.jpg,0
000113.jpg,1
000114.jpg,1
000115.jpg,1
000116.jpg,1
000117.jpg,0
000118.jpg,0
000119.jpg,1
000120.jpg,1
000121.jpg,0
000122.jpg,0
000123.jpg,1
000124.jpg,0
000125.jpg,1
000126.jpg,0
000127.jpg,1
000128.jpg,0
000129.jpg,1
000130.jpg,1
000131.jpg,0
000132.jpg,0
000133.jpg,0
000134.jpg,1
000135.jpg,1
000136.jpg,1
000137.jpg,1
000138.jpg,1
000139.jpg,0
000140.jpg,0
000141.jpg,0
000142.jpg,0
000143.jpg,1
000144.jpg,1
000145.jpg,0
000146.jpg,0
000147.jpg,0
000148.jpg,0
000149.jpg,0
000150.jpg,1
000151.jpg,0
000152.jpg,1
000153.jpg,1
000154.jpg,1
000155.jpg,0
000156.jpg,0
000157.jpg,0
000158.jpg,1
000159.jpg,0
000160.jpg,1
000161.jpg,0
000162.jpg,0
000163.jpg,0
000164.jpg,1
000165.jpg,0
000166.jpg,1
000167.jpg,0
000168.jpg,0
000169.jpg,1
000170.jpg,0
000171.jpg,1
000172.jpg,0
000173.jpg,0
000174.jpg,0
000175.jpg,0
000176.jpg,0
000177.jpg,0
000178.jpg,0
000179.jpg,0
000180.jpg,0
000181.jpg,1
000182.jpg,1
000183.jpg,0
000184.jpg,0
000185.jpg,0
000186.jpg,0
000187.jpg,1
000188.jpg,1
000189.jpg,0
000190.jpg,0
000191.jpg,0
000192.jpg,0
000193.jpg,1
000194.jpg,1
000195.jpg,1
000196.jpg,1
000197.jpg,1
000198.jpg,0
000199.jpg,1
000200.jpg,1
000201.jpg,0
000202.jpg,1
000203.jpg,1
000204.jpg,0
000205.jpg,1
000206.jpg,1
000207.jpg,0
000208.jpg,0
000209.jpg,1
000210.jpg,1
000211.jpg,0
000212.jpg,1
000213.jpg,1
000214.jpg,1
000215.jpg,1
000216.jpg,0
000217.jpg,0
000218.jpg,0
000219.jpg,0
000220.jpg,1
000221.jpg,1
000222.jpg,0
000223.jpg,1
000224.jpg,1
000225.jpg,0
000226.jpg,1
000227.jpg,1
000228.jpg,0
000229.jpg,1
000230.jpg,1
000231.jpg,0
000232.jpg,0
000233.jpg,0
000234.jpg,1
000235.jpg,1
000236.jpg,0
000237.jpg,1
000238.jpg,0
000239.jpg,0
000240.jpg,0
000241.jpg,0
000242.jpg,1
000243.jpg,0
000244.jpg,1
000245.jpg,1
000246.jpg,0
000247.jpg,0
000248.jpg,1
000249.jpg,0
000250.jpg,1
000251.jpg,0
000252.jpg,0
000253.jpg,1
000254.jpg,0
000255.jpg,1
000256.jpg,0
000257.jpg,0
000258.jpg,0
000259.jpg,0
000260.jpg,0
000261.jpg,1
000262.jpg,0
000263.jpg,0
000264.jpg,1
000265.jpg,1
000266.jpg,1
000267.jpg,0
000268.jpg,0
000269.jpg,0
000270.jpg,0
000271.jpg,0
000272.jpg,1
000273.jpg,0
000274.jpg,1
000275.jpg,0
000276.jpg,1
000277.jpg,1
000278.jpg,0
000279.jpg,0
000280.jpg,0
000281.jpg,0
000282.jpg,1
000283.jpg,1
000284.jpg,1
000285.jpg,0
000286.jpg,1
000287.jpg,0
000288.jpg,0
000289.jpg,0
000290.jpg,0
000291.jpg,0
000292.jpg,0
000293.jpg,1
000294.jpg,1
000295.jpg,1
000296.jpg,0
000297.jpg,1
000298.jpg,1
000299.jpg,1
000300.jpg,1
000301.jpg,0
000302.jpg,0
000303.jpg,0
000304.jpg,0
000305.jpg,0
000306.jpg,1
000307.jpg,1
000308.jpg,0
000309.jpg,0
000310.jpg,1
000311.jpg,1
000312.jpg,0
000313.jpg,1
000314.jpg,1
000315.jpg,0
000316.jpg,1
000317.jpg,0
000318.jpg,1
000319.jpg,0
000320.jpg,1
000321.jpg,1
000322.jpg,0
000323.jpg,0
000324.jpg,1
000325.jpg,0
000326.jpg,0
000327.jpg,0
000328.jpg,0
000329.jpg,1
000330.jpg,1
000331.jpg,1
000332.jpg,0
000333.jpg,1
000334.jpg,0
000335.jpg,1
000336.jpg,1
000337.jpg,0
000338.jpg,0
000339.jpg,1
000340.jpg,1
000341.jpg,0
000342.jpg,0
000343.jpg,0
000344.jpg,0
000345.jpg,0
000346.jpg,1
000347.jpg,0
000348.jpg,0
000349.jpg,0
000350.jpg,1
000351.jpg,0
000352.jpg,1
000353.jpg,0
000354.jpg,0
000355.jpg,1
000356.jpg,0
000357.jpg,0
000358.jpg,1
000359.jpg,0
000360.jpg,1
000361.jpg,0
000362.jpg,1
000363.jpg,1
000364.jpg,0
000365.jpg,1
000366.jpg,1
000367.jpg,1
000368.jpg,1
000369.jpg,0
000370.jpg,1
000371.jpg,0
000372.jpg,0
000373.jpg,0
000374.jpg,0
000375.jpg,0
000376.jpg,1
000377.jpg,1
000378.jpg,1
000379.jpg,0
000380.jpg,1
000381.jpg,0
000382.jpg,0
000383.jpg,1
000384.jpg,0
000385.jpg,1
000386.jpg,1
000387.jpg,0
000388.jpg,0
000389.jpg,1
000390.jpg,1
000391.jpg,0
000392.jpg,0
000393.jpg,1
000394.jpg,0
000395.jpg,0
000396.jpg,0
000397.jpg,0
000398.jpg,1
000399.jpg,0
000400.jpg,1
000401.jpg,1
000402.jpg,1
000403.jpg,1
000404.jpg,0
000405.jpg,0
000406.jpg,1
000407.jpg,0
000408.jpg,1
000409.jpg,1
000410.jpg,0
000411.jpg,0
000412.jpg,0
000413.jpg,1
000414.jpg,1
000415.jpg,0
000416.jpg,0
000417.jpg,0
000418.jpg,1
000419.jpg,0
000420.jpg,0
000421.jpg,0
000422.jpg,0
000423.jpg,0
000424.jpg,0
000425.jpg,1
000426.jpg,0
000427.jpg,1
000428.jpg,1
000429.jpg,1
000430.jpg,1
000431.jpg,0
000432.jpg,0
000433.jpg,1
000434.jpg,1
000435.jpg,0
000436.jpg,0
000437.jpg,1
000438.jpg,1
000439.jpg,1
000440.jpg,1
000441.jpg,0
000442.jpg,0
000443.jpg,1
000444.jpg,1
000445.jpg,0
000446.jpg,0
000447.jpg,1
000448.jpg,1
000449.jpg,1
000450.jpg,1
000451.jpg,0
000452.jpg,1
000453.jpg,1
000454.jpg,0
000455.jpg,0
000456.jpg,1
000457.jpg,0
000458.jpg,0
000459.jpg,1
000460.jpg,1
000461.jpg,1
000462.jpg,0
000463.jpg,0
000464.jpg,0
000465.jpg,1
000466.jpg,0
000467.jpg,0
000468.jpg,0
000469.jpg,0
000470.jpg,0
000471.jpg,0
000472.jpg,0
000473.jpg,1
000474.jpg,1
000475.jpg,0
000476.jpg,0
000477.jpg,1
000478.jpg,0
000479.jpg,1
000480.jpg,0
000481.jpg,1
000482.jpg,1
000483.jpg,0
000484.jpg,0
000485.jpg,0
000486.jpg,1
000487.jpg,0
000488.jpg,0
000489.jpg,0
000490.jpg,1
000491.jpg,0
000492.jpg,0
000493.jpg,0
000494.jpg,0
000495.jpg,0
000496.jpg,0
000497.jpg,0
000498.jpg,1
000499.jpg,0
000500.jpg,1
000995.jpg,0
000996.jpg,0
000997.jpg,0
000998.jpg,0
000999.jpg,1
001000.jpg,0
000501.jpg,1
000502.jpg,0
000503.jpg,0
000504.jpg,0
000505.jpg,0
000506.jpg,0
000507.jpg,0
000508.jpg,0
000509.jpg,0
000510.jpg,0
000511.jpg,1
000512.jpg,1
000513.jpg,0
000514.jpg,0
000515.jpg,1
000516.jpg,0
000517.jpg,0
000518.jpg,1
000519.jpg,0
000520.jpg,1
000521.jpg,1
000522.jpg,0
000523.jpg,0
000524.jpg,0
000525.jpg,0
000526.jpg,1
000527.jpg,0
000528.jpg,0
000529.jpg,1
000530.jpg,0
000531.jpg,0
000532.jpg,0
000533.jpg,0
000534.jpg,1
000535.jpg,1
000536.jpg,0
000537.jpg,1
000538.jpg,0
000539.jpg,0
000540.jpg,0
000541.jpg,0
000542.jpg,1
000543.jpg,1
000544.jpg,0
000545.jpg,1
000546.jpg,1
000547.jpg,0
000548.jpg,0
000549.jpg,0
000550.jpg,0
000551.jpg,0
000552.jpg,1
000553.jpg,0
000554.jpg,0
000555.jpg,1
000556.jpg,0
000557.jpg,0
000558.jpg,1
000559.jpg,1
000560.jpg,1
000561.jpg,1
000562.jpg,0
000563.jpg,1
000564.jpg,1
000565.jpg,0
000566.jpg,0
000567.jpg,0
000568.jpg,0
000569.jpg,1
000570.jpg,0
000571.jpg,1
000572.jpg,1
000573.jpg,1
000574.jpg,0
000575.jpg,1
000576.jpg,0
000577.jpg,1
000578.jpg,1
000579.jpg,0
000580.jpg,0
000581.jpg,1
000582.jpg,0
000583.jpg,1
000584.jpg,1
000585.jpg,1
000586.jpg,1
000587.jpg,1
000588.jpg,0
000589.jpg,0
000590.jpg,1
000591.jpg,1
000592.jpg,1
000593.jpg,1
000594.jpg,0
000595.jpg,0
000596.jpg,1
000597.jpg,0
000598.jpg,0
000599.jpg,0
000600.jpg,0
000601.jpg,0
000602.jpg,0
000603.jpg,1
000604.jpg,1
000605.jpg,0
000606.jpg,0
000607.jpg,0
000608.jpg,1
000609.jpg,0
000610.jpg,0
000611.jpg,0
000612.jpg,0
000613.jpg,0
000614.jpg,0
000615.jpg,0
000616.jpg,0
000617.jpg,1
000618.jpg,0
000619.jpg,1
000620.jpg,1
000621.jpg,0
000622.jpg,1
000623.jpg,1
000624.jpg,1
000625.jpg,1
000626.jpg,0
000627.jpg,0
000628.jpg,1
000629.jpg,1
000630.jpg,1
000631.jpg,0
000632.jpg,0
000633.jpg,0
000634.jpg,0
000635.jpg,0
000636.jpg,1
000637.jpg,1
000638.jpg,0
000639.jpg,1
000640.jpg,0
000641.jpg,0
000642.jpg,0
000643.jpg,0
000644.jpg,0
000645.jpg,0
000646.jpg,0
000647.jpg,0
000648.jpg,0
000649.jpg,1
000650.jpg,0
000651.jpg,1
000652.jpg,1
000653.jpg,0
000654.jpg,1
000655.jpg,1
000656.jpg,0
000657.jpg,1
000658.jpg,0
000659.jpg,1
000660.jpg,1
000661.jpg,1
000662.jpg,1
000663.jpg,0
000664.jpg,0
000665.jpg,0
000666.jpg,0
000667.jpg,0
000668.jpg,0
000669.jpg,0
000670.jpg,1
000671.jpg,1
000672.jpg,1
000673.jpg,0
000674.jpg,1
000675.jpg,1
000676.jpg,0
000677.jpg,1
000678.jpg,0
000679.jpg,0
000680.jpg,0
000681.jpg,1
000682.jpg,1
000683.jpg,1
000684.jpg,1
000685.jpg,1
000686.jpg,1
000687.jpg,1
000688.jpg,1
000689.jpg,1
000690.jpg,1
000691.jpg,0
000692.jpg,0
000693.jpg,0
000694.jpg,0
000695.jpg,1
000696.jpg,1
000697.jpg,1
000698.jpg,0
000699.jpg,0
000700.jpg,1
000701.jpg,0
000702.jpg,0
000703.jpg,0
000704.jpg,0
000705.jpg,1
000706.jpg,1
000707.jpg,0
000708.jpg,0
000709.jpg,0
000710.jpg,1
000711.jpg,0
000712.jpg,1
000713.jpg,1
000714.jpg,1
000715.jpg,0
000716.jpg,0
000717.jpg,0
000718.jpg,0
000719.jpg,0
000720.jpg,1
000721.jpg,0
000722.jpg,0
000723.jpg,1
000724.jpg,1
000725.jpg,0
000726.jpg,0
000727.jpg,0
000728.jpg,1
000729.jpg,1
000730.jpg,1
000731.jpg,1
000732.jpg,1
000733.jpg,1
000734.jpg,0
000735.jpg,1
000736.jpg,0
000737.jpg,0
000738.jpg,0
000739.jpg,1
000740.jpg,0
000741.jpg,0
000742.jpg,0
000743.jpg,0
000744.jpg,1
000745.jpg,1
000746.jpg,0
000747.jpg,1
000748.jpg,0
000749.jpg,0
000750.jpg,0
000751.jpg,0
000752.jpg,0
000753.jpg,1
000754.jpg,0
000755.jpg,1
000756.jpg,1
000757.jpg,1
000758.jpg,0
000759.jpg,0
000760.jpg,0
000761.jpg,0
000762.jpg,0
000763.jpg,0
000764.jpg,0
000765.jpg,0
000766.jpg,0
000767.jpg,0
000768.jpg,1
000769.jpg,0
000770.jpg,0
000771.jpg,0
000772.jpg,0
000773.jpg,1
000774.jpg,0
000775.jpg,1
000776.jpg,0
000777.jpg,1
000778.jpg,1
000779.jpg,1
000780.jpg,1
000781.jpg,0
000782.jpg,0
000783.jpg,0
000784.jpg,1
000785.jpg,0
000786.jpg,0
000787.jpg,0
000788.jpg,1
000789.jpg,1
000790.jpg,1
000791.jpg,1
000792.jpg,0
000793.jpg,0
000794.jpg,0
000795.jpg,0
000796.jpg,0
000797.jpg,1
000798.jpg,1
000799.jpg,0
000800.jpg,0
000801.jpg,1
000802.jpg,0
000803.jpg,1
000804.jpg,0
000805.jpg,0
000806.jpg,0
000807.jpg,1
000808.jpg,1
000809.jpg,0
000810.jpg,0
000811.jpg,0
000812.jpg,0
000813.jpg,1
000814.jpg,0
000815.jpg,1
000816.jpg,1
000817.jpg,0
000818.jpg,1
000819.jpg,0
000820.jpg,0
000821.jpg,0
000822.jpg,0
000823.jpg,0
000824.jpg,0
000825.jpg,1
000826.jpg,1
000827.jpg,0
000828.jpg,0
000829.jpg,1
000830.jpg,1
000831.jpg,0
000832.jpg,0
000833.jpg,1
000834.jpg,0
000835.jpg,0
000836.jpg,1
000837.jpg,0
000838.jpg,1
000839.jpg,0
000840.jpg,0
000841.jpg,1
000842.jpg,1
000843.jpg,1
000844.jpg,1
000845.jpg,1
000846.jpg,1
000847.jpg,0
000848.jpg,1
000849.jpg,0
000850.jpg,1
000851.jpg,1
000852.jpg,0
000853.jpg,1
000854.jpg,0
000855.jpg,1
000856.jpg,0
000857.jpg,0
000858.jpg,1
000859.jpg,1
000860.jpg,1
000861.jpg,1
000862.jpg,0
000863.jpg,0
000864.jpg,0
000865.jpg,0
000866.jpg,0
000867.jpg,0
000868.jpg,0
000869.jpg,0
000870.jpg,0
000871.jpg,0
000872.jpg,0
000873.jpg,1
000874.jpg,0
000875.jpg,1
000876.jpg,0
000877.jpg,0
000878.jpg,0
000879.jpg,1
000880.jpg,0
000881.jpg,1
000882.jpg,0
000883.jpg,0
000884.jpg,0
000885.jpg,1
000886.jpg,1
000887.jpg,0
000888.jpg,1
000889.jpg,1
000890.jpg,0
000891.jpg,0
000892.jpg,1
000893.jpg,0
000894.jpg,0
000895.jpg,0
000896.jpg,0
000897.jpg,0
000898.jpg,1
000899.jpg,0
000900.jpg,0
000901.jpg,0
000902.jpg,1
000903.jpg,1
000904.jpg,1
000905.jpg,1
000906.jpg,1
000907.jpg,1
000908.jpg,1
000909.jpg,0
000910.jpg,0
000911.jpg,1
000912.jpg,0
000913.jpg,1
000914.jpg,0
000915.jpg,1
000916.jpg,0
000917.jpg,0
000918.jpg,0
000919.jpg,0
000920.jpg,0
000921.jpg,0
000922.jpg,0
000923.jpg,1
000924.jpg,0
000925.jpg,0
000926.jpg,1
000927.jpg,0
000928.jpg,1
000929.jpg,0
000930.jpg,1
000931.jpg,1
000932.jpg,0
000933.jpg,1
000934.jpg,0
000935.jpg,1
000936.jpg,0
000937.jpg,0
000938.jpg,1
000939.jpg,0
000940.jpg,0
000941.jpg,0
000942.jpg,0
000943.jpg,0
000944.jpg,1
000945.jpg,0
000946.jpg,1
000947.jpg,0
000948.jpg,0
000949.jpg,0
000950.jpg,0
000951.jpg,1
000952.jpg,0
000953.jpg,1
000954.jpg,1
000955.jpg,0
000956.jpg,0
000957.jpg,1
000958.jpg,1
000959.jpg,1
000960.jpg,1
000961.jpg,0
000962.jpg,1
000963.jpg,0
000964.jpg,1
000965.jpg,0
000966.jpg,1
000967.jpg,0
000968.jpg,0
000969.jpg,1
000970.jpg,0
000971.jpg,1
000972.jpg,1
000973.jpg,1
000974.jpg,0
000975.jpg,1
000976.jpg,0
000977.jpg,1
000978.jpg,1
000979.jpg,1
000980.jpg,0
000981.jpg,0
000982.jpg,0
000983.jpg,1
000984.jpg,0
000985.jpg,0
000986.jpg,0
000987.jpg,1
000988.jpg,0
000989.jpg,0
000990.jpg,1
000991.jpg,0
000992.jpg,1
000993.jpg,1
000994.jpg,1
001001.jpg,0
001002.jpg,0
001003.jpg,0
001004.jpg,0
001005.jpg,0
001006.jpg,1
001007.jpg,0
001008.jpg,1
001009.jpg,0
001010.jpg,0
001011.jpg,0
001012.jpg,0
001013.jpg,0
001014.jpg,0
001015.jpg,0
001016.jpg,0
001017.jpg,0
001018.jpg,0
001019.jpg,0
001020.jpg,1
001021.jpg,0
001022.jpg,1
001023.jpg,0
001024.jpg,0
001025.jpg,0
001026.jpg,0
001027.jpg,1
001028.jpg,0
001029.jpg,0
001030.jpg,1
001031.jpg,0
001032.jpg,1
001033.jpg,1
001034.jpg,0
001035.jpg,1
001036.jpg,1
001037.jpg,0
001038.jpg,1
001039.jpg,0
001040.jpg,0
001041.jpg,0
001042.jpg,0
001043.jpg,0
001044.jpg,1
001045.jpg,0
001046.jpg,0
001047.jpg,1
001048.jpg,1
001049.jpg,0
001050.jpg,0
001051.jpg,1
001052.jpg,1
001053.jpg,1
001054.jpg,0
001055.jpg,1
001056.jpg,0
001057.jpg,1
001058.jpg,0
001059.jpg,1
001060.jpg,0
001061.jpg,0
001062.jpg,0
001063.jpg,1
001064.jpg,0
001065.jpg,1
001066.jpg,1
001067.jpg,0
001068.jpg,0
001069.jpg,0
001070.jpg,0
001071.jpg,0
001072.jpg,1
001073.jpg,0
001074.jpg,1
001075.jpg,0
001076.jpg,0
001077.jpg,0
001078.jpg,0
001079.jpg,0
001080.jpg,0
001081.jpg,0
001082.jpg,0
001083.jpg,0
001084.jpg,0
001085.jpg,0
001086.jpg,0
001087.jpg,0
001088.jpg,0
001089.jpg,1
001090.jpg,0
001091.jpg,0
001092.jpg,1
001093.jpg,0
001094.jpg,1
001095.jpg,1
001096.jpg,1
001097.jpg,0
001098.jpg,0
001099.jpg,1
001100.jpg,1
001101.jpg,1
001102.jpg,0
001103.jpg,0
001104.jpg,1
001105.jpg,1
001106.jpg,1
001107.jpg,0
001108.jpg,0
001109.jpg,1
001110.jpg,0
001111.jpg,0
001112.jpg,0
001113.jpg,0
001114.jpg,0
001115.jpg,0
001116.jpg,0
001117.jpg,1
001118.jpg,0
001119.jpg,0
001120.jpg,1
001121.jpg,0
001122.jpg,0
001123.jpg,1
001124.jpg,0
001125.jpg,0
001126.jpg,0
001127.jpg,1
001128.jpg,0
001129.jpg,0
001130.jpg,0
001131.jpg,0
001132.jpg,0
001133.jpg,0
001134.jpg,0
001135.jpg,0
001136.jpg,1
001137.jpg,1
001138.jpg,0
001139.jpg,1
001140.jpg,1
001141.jpg,0
001142.jpg,0
001143.jpg,1
001144.jpg,0
001145.jpg,0
001146.jpg,0
001147.jpg,1
001148.jpg,0
001149.jpg,1
001150.jpg,0
001151.jpg,0
001152.jpg,0
001153.jpg,0
001154.jpg,0
001155.jpg,0
001156.jpg,0
001157.jpg,0
001158.jpg,0
001159.jpg,0
001160.jpg,1
001161.jpg,1
001162.jpg,1
001163.jpg,0
001164.jpg,1
001165.jpg,0
001166.jpg,1
001167.jpg,0
001168.jpg,1
001169.jpg,1
001170.jpg,1
001171.jpg,1
001172.jpg,0
001173.jpg,1
001174.jpg,0
001175.jpg,0
001176.jpg,0
001177.jpg,1
001178.jpg,0
001179.jpg,0
001180.jpg,1
001181.jpg,0
001182.jpg,1
001183.jpg,0
001184.jpg,0
001185.jpg,1
001186.jpg,0
001187.jpg,1
001188.jpg,0
001189.jpg,1
001190.jpg,1
001191.jpg,0
001192.jpg,1
001193.jpg,1
001194.jpg,0
001195.jpg,0
001196.jpg,1
001197.jpg,0
001198.jpg,0
001199.jpg,1
001200.jpg,0
001201.jpg,1
001202.jpg,0
001203.jpg,0
001204.jpg,1
001205.jpg,0
001206.jpg,1
001207.jpg,1
001208.jpg,1
001209.jpg,1
001210.jpg,1
001211.jpg,0
001212.jpg,0
001213.jpg,1
001214.jpg,0
001215.jpg,1
001216.jpg,1
001217.jpg,1
001218.jpg,0
001219.jpg,0
001220.jpg,1
001221.jpg,0
001222.jpg,1
001223.jpg,0
001224.jpg,1
001225.jpg,1
001226.jpg,0
001227.jpg,0
001228.jpg,1
001229.jpg,0
001230.jpg,1
001231.jpg,1
001232.jpg,0
001233.jpg,0
001234.jpg,0
001235.jpg,0
001236.jpg,0
001237.jpg,1
001238.jpg,0
001239.jpg,1
001240.jpg,1
001241.jpg,1
001242.jpg,1
001243.jpg,1
001244.jpg,0
001245.jpg,1
001246.jpg,0
001247.jpg,1
001248.jpg,0
001249.jpg,0
001250.jpg,1
001251.jpg,0
001252.jpg,1
001253.jpg,1
001254.jpg,0
001255.jpg,0
001256.jpg,1
001257.jpg,1
001258.jpg,1
001259.jpg,1
001260.jpg,1
001261.jpg,0
001262.jpg,0
001263.jpg,1
001264.jpg,1
001265.jpg,0
001266.jpg,1
001267.jpg,0
001268.jpg,0
001269.jpg,0
001270.jpg,1
001271.jpg,0
001272.jpg,1
001273.jpg,1
001274.jpg,0
001275.jpg,1
001276.jpg,1
001277.jpg,0
001278.jpg,0
001279.jpg,1
001280.jpg,0
001281.jpg,1
001282.jpg,0
001283.jpg,1
001284.jpg,0
001285.jpg,0
001286.jpg,1
001287.jpg,0
001288.jpg,1
001289.jpg,0
001290.jpg,1
001291.jpg,1
001292.jpg,0
001293.jpg,0
001295.jpg,0
001296.jpg,0
001297.jpg,0
001298.jpg,0
001299.jpg,1
001300.jpg,0
001301.jpg,0
001302.jpg,1
001303.jpg,0
001304.jpg,0
001305.jpg,0
001306.jpg,0
001307.jpg,0
001308.jpg,1
001309.jpg,1
001310.jpg,1
001311.jpg,0
001312.jpg,0
001313.jpg,0
001314.jpg,1
001315.jpg,0
001316.jpg,1
001317.jpg,0
001318.jpg,0
001319.jpg,0
001320.jpg,0
001321.jpg,0
001322.jpg,1
001323.jpg,0
001324.jpg,1
001325.jpg,1
001326.jpg,0
001327.jpg,1
001328.jpg,1
001329.jpg,0
001330.jpg,0
001331.jpg,0
001332.jpg,0
001333.jpg,0
001334.jpg,1
001335.jpg,1
001336.jpg,0
001337.jpg,1
001338.jpg,1
001339.jpg,1
001340.jpg,1
001341.jpg,0
001342.jpg,1
001343.jpg,1
001344.jpg,0
001345.jpg,1
001346.jpg,0
001347.jpg,0
001348.jpg,0
001349.jpg,0
001350.jpg,0
001351.jpg,1
001352.jpg,1
001353.jpg,0
001354.jpg,1
001355.jpg,0
001356.jpg,1
001357.jpg,1
001358.jpg,1
001359.jpg,0
001360.jpg,0
001361.jpg,0
001362.jpg,0
001363.jpg,0
001364.jpg,0
001365.jpg,0
001366.jpg,0
001367.jpg,0
001368.jpg,1
001369.jpg,1
001370.jpg,1
001371.jpg,0
001372.jpg,1
001373.jpg,0
001374.jpg,0
001375.jpg,0
001376.jpg,0
001377.jpg,0
001378.jpg,0
001379.jpg,0
001380.jpg,0
001381.jpg,1
001382.jpg,0
001383.jpg,1
001384.jpg,0
001385.jpg,0
001386.jpg,1
001387.jpg,0
001388.jpg,1
001389.jpg,0
001390.jpg,0
001391.jpg,0
001392.jpg,0
001393.jpg,1
001394.jpg,1
001395.jpg,0
001396.jpg,1
001397.jpg,0
001398.jpg,1
001399.jpg,1
001400.jpg,1
001401.jpg,1
001402.jpg,0
001403.jpg,0
001404.jpg,0
001405.jpg,0
001406.jpg,0
001407.jpg,0
001408.jpg,1
001409.jpg,0
001410.jpg,0
001411.jpg,0
001412.jpg,0
001413.jpg,1
001414.jpg,1
001415.jpg,0
001416.jpg,0
001417.jpg,1
001418.jpg,1
001419.jpg,0
001420.jpg,1
001421.jpg,0
001422.jpg,0
001423.jpg,1
001424.jpg,1
001425.jpg,0
001426.jpg,0
001427.jpg,1
001428.jpg,0
001429.jpg,0
001430.jpg,0
001431.jpg,0
001432.jpg,1
001433.jpg,0
001434.jpg,0
001435.jpg,0
001436.jpg,0
001437.jpg,0
001438.jpg,0
001439.jpg,1
001440.jpg,1
001441.jpg,1
001442.jpg,0
001443.jpg,0
001444.jpg,1
001445.jpg,1
001446.jpg,0
001447.jpg,0
001448.jpg,0
001449.jpg,0
001450.jpg,1
001451.jpg,1
001452.jpg,1
001453.jpg,1
001454.jpg,0
001455.jpg,0
001456.jpg,1
001457.jpg,1
001458.jpg,1
001459.jpg,0
001460.jpg,0
001461.jpg,0
001462.jpg,0
001463.jpg,1
001464.jpg,1
001465.jpg,0
001466.jpg,0
001467.jpg,1
001468.jpg,0
001469.jpg,0
001470.jpg,1
001471.jpg,1
001472.jpg,0
001473.jpg,0
001474.jpg,1
001475.jpg,0
001476.jpg,1
001477.jpg,1
001478.jpg,0
001479.jpg,0
001480.jpg,0
001481.jpg,0
001482.jpg,0
001483.jpg,1
001484.jpg,0
001485.jpg,1
001486.jpg,0
001487.jpg,0
001488.jpg,0
001489.jpg,1
001490.jpg,1
001491.jpg,0
001492.jpg,0
001493.jpg,0
001494.jpg,0
001495.jpg,0
001496.jpg,0
001497.jpg,0
001498.jpg,0
001499.jpg,0
001500.jpg,0
001501.jpg,1
001502.jpg,0
001503.jpg,0
001504.jpg,0
001505.jpg,0
001506.jpg,1
001507.jpg,0
001508.jpg,0
001509.jpg,0
001510.jpg,0
001511.jpg,0
001512.jpg,0
001513.jpg,1
001514.jpg,0
001515.jpg,1
001516.jpg,0
001517.jpg,1
001518.jpg,0
001519.jpg,1
001520.jpg,0
001521.jpg,0
001522.jpg,0
001523.jpg,0
001524.jpg,1
001525.jpg,0
001526.jpg,1
001527.jpg,0
001528.jpg,1
001529.jpg,1
001530.jpg,1
001531.jpg,1
001532.jpg,0
001533.jpg,1
001534.jpg,1
001535.jpg,0
001536.jpg,0
001537.jpg,0
001538.jpg,1
001539.jpg,1
001540.jpg,1
001541.jpg,1
001542.jpg,0
001543.jpg,1
001544.jpg,0
001545.jpg,1
001546.jpg,0
001547.jpg,1
001548.jpg,0
001549.jpg,0
001550.jpg,1
001551.jpg,0
001552.jpg,0
001553.jpg,0
001554.jpg,1
001555.jpg,1
001556.jpg,1
001557.jpg,1
001558.jpg,1
001559.jpg,0
001560.jpg,0
001561.jpg,0
001562.jpg,1
001563.jpg,1
001564.jpg,0
001565.jpg,1
001566.jpg,0
001567.jpg,0
001568.jpg,0
001569.jpg,0
001570.jpg,0
001571.jpg,1
001572.jpg,0
001573.jpg,1
001574.jpg,0
001575.jpg,0
001576.jpg,0
001577.jpg,1
001578.jpg,1
001579.jpg,0
001580.jpg,1
001581.jpg,1
001582.jpg,1
001583.jpg,1
001584.jpg,0
001585.jpg,0
001586.jpg,1
001587.jpg,0
001588.jpg,1
001589.jpg,1
001590.jpg,0
001591.jpg,1
001592.jpg,0
001593.jpg,0
001594.jpg,0
001595.jpg,0
001596.jpg,1
001597.jpg,0
001598.jpg,1
001599.jpg,1
001600.jpg,0
001601.jpg,1
001602.jpg,0
001603.jpg,0
001604.jpg,0
001606.jpg,1
001607.jpg,0
001608.jpg,0
001609.jpg,0
001610.jpg,0
001611.jpg,1
001612.jpg,0
001613.jpg,1
001614.jpg,0
001615.jpg,1
001616.jpg,1
001617.jpg,1
001618.jpg,0
001619.jpg,0
001620.jpg,0
001621.jpg,0
001622.jpg,0
001623.jpg,1
001624.jpg,0
001625.jpg,1
001626.jpg,0
001627.jpg,1
001628.jpg,0
001629.jpg,0
001630.jpg,1
001631.jpg,0
001632.jpg,1
001633.jpg,1
001634.jpg,1
001635.jpg,0
001636.jpg,1
001637.jpg,0
001638.jpg,0
001639.jpg,0
001640.jpg,1
001641.jpg,0
001642.jpg,0
001643.jpg,0
001644.jpg,0
001645.jpg,0
001646.jpg,0
001647.jpg,0
001648.jpg,0
001649.jpg,0
001650.jpg,0
001651.jpg,0
001652.jpg,1
001653.jpg,0
001654.jpg,1
001655.jpg,1
001656.jpg,1
001657.jpg,0
001658.jpg,0
001659.jpg,1
001660.jpg,0
001661.jpg,1
001662.jpg,0
001663.jpg,0
001664.jpg,0
001665.jpg,0
001666.jpg,1
001667.jpg,0
001668.jpg,0
001669.jpg,1
001670.jpg,0
001671.jpg,0
001672.jpg,0
001673.jpg,0
001674.jpg,0
001675.jpg,0
001676.jpg,0
001677.jpg,1
001678.jpg,1
001679.jpg,1
001680.jpg,0
001681.jpg,0
001682.jpg,0
001683.jpg,0
001684.jpg,1
001685.jpg,0
001686.jpg,0
001687.jpg,0
001688.jpg,0
001689.jpg,1
001690.jpg,1
001691.jpg,0
001692.jpg,1
001693.jpg,1
001694.jpg,0
001695.jpg,0
001696.jpg,0
001697.jpg,0
001698.jpg,0
001699.jpg,1
001700.jpg,0
001701.jpg,1
001702.jpg,0
001703.jpg,1
001704.jpg,0
001705.jpg,0
001706.jpg,1
001707.jpg,0
001708.jpg,0
001709.jpg,0
001710.jpg,0
001711.jpg,1
001712.jpg,1
001713.jpg,0
001714.jpg,0
001715.jpg,1
001716.jpg,1
001717.jpg,1
001718.jpg,0
001719.jpg,0
001720.jpg,0
001721.jpg,1
001722.jpg,1
001723.jpg,1
001724.jpg,0
001725.jpg,0
001726.jpg,0
001727.jpg,0
001728.jpg,1
001729.jpg,1
001730.jpg,1
001731.jpg,0
001732.jpg,0
001733.jpg,0
001734.jpg,0
001735.jpg,1
001736.jpg,0
001737.jpg,0
001738.jpg,1
001739.jpg,0
001740.jpg,1
001741.jpg,1
001742.jpg,1
001743.jpg,0
001744.jpg,0
001745.jpg,0
001746.jpg,0
001747.jpg,0
001748.jpg,0
001749.jpg,1
001750.jpg,1
001751.jpg,0
001752.jpg,0
001753.jpg,0
001754.jpg,1
001755.jpg,0
001756.jpg,0
001757.jpg,1
001758.jpg,1
001759.jpg,1
001760.jpg,0
001761.jpg,1
001762.jpg,0
001763.jpg,1
001764.jpg,0
001765.jpg,1
001766.jpg,1
001767.jpg,1
001768.jpg,0
001769.jpg,0
001770.jpg,0
001771.jpg,0
001772.jpg,0
001773.jpg,1
001774.jpg,0
001775.jpg,1
001776.jpg,0
001777.jpg,0
001778.jpg,0
001779.jpg,0
001780.jpg,1
001781.jpg,1
001782.jpg,1
001783.jpg,0
001784.jpg,0
001785.jpg,0
001786.jpg,0
001787.jpg,0
001788.jpg,1
001789.jpg,0
001790.jpg,1
001791.jpg,1
001792.jpg,1
001793.jpg,0
001794.jpg,0
001795.jpg,0
001796.jpg,0
001797.jpg,1
001798.jpg,0
001799.jpg,1
001800.jpg,1
001801.jpg,1
001802.jpg,0
001803.jpg,1
001804.jpg,1
001805.jpg,0
001806.jpg,0
001807.jpg,0
001808.jpg,1
001809.jpg,0
001810.jpg,0
001811.jpg,0
001812.jpg,0
001813.jpg,1
001814.jpg,1
001815.jpg,1
001816.jpg,0
001817.jpg,0
001818.jpg,0
001819.jpg,1
001820.jpg,0
001821.jpg,0
001822.jpg,1
001823.jpg,0
001824.jpg,0
001825.jpg,0
001826.jpg,1
001827.jpg,0
001828.jpg,0
001829.jpg,0
001830.jpg,1
001831.jpg,1
001832.jpg,1
001833.jpg,1
001834.jpg,0
001835.jpg,1
001836.jpg,0
001837.jpg,1
001838.jpg,1
001839.jpg,1
001840.jpg,0
001841.jpg,1
001842.jpg,1
001843.jpg,0
001844.jpg,0
001845.jpg,1
001846.jpg,1
001847.jpg,0
001848.jpg,1
001849.jpg,0
001850.jpg,0
001851.jpg,0
001852.jpg,1
001853.jpg,0
001854.jpg,1
001855.jpg,1
001856.jpg,0
001857.jpg,1
001858.jpg,0
001859.jpg,1
001860.jpg,0
001861.jpg,0
001862.jpg,0
001863.jpg,0
001864.jpg,0
001865.jpg,0
001866.jpg,1
001867.jpg,1
001868.jpg,0
001869.jpg,0
001870.jpg,0
001871.jpg,0
001872.jpg,0
001873.jpg,0
001874.jpg,1
001875.jpg,1
001876.jpg,1
001877.jpg,0
001878.jpg,1
001879.jpg,1
001880.jpg,0
001881.jpg,0
001882.jpg,1
001883.jpg,0
001884.jpg,0
001885.jpg,1
001886.jpg,0
001887.jpg,0
001888.jpg,1
001889.jpg,1
001890.jpg,1
001891.jpg,0
001892.jpg,0
001893.jpg,1
001894.jpg,0
001895.jpg,1
001896.jpg,1
001897.jpg,1
001898.jpg,0
001899.jpg,0
001900.jpg,1
001901.jpg,0
001902.jpg,0
001903.jpg,0
001904.jpg,1
001905.jpg,1
001906.jpg,0
001907.jpg,1
001908.jpg,0
001909.jpg,0
001910.jpg,0
001911.jpg,0
001912.jpg,0
001913.jpg,0
001914.jpg,0
001915.jpg,0
001916.jpg,0
001917.jpg,1
001918.jpg,0
001919.jpg,1
001920.jpg,1
001921.jpg,0
001922.jpg,0
001923.jpg,0
001924.jpg,1
001925.jpg,0
001926.jpg,1
001927.jpg,1
001928.jpg,0
001929.jpg,0
001930.jpg,1
001931.jpg,0
001932.jpg,1
001933.jpg,0
001934.jpg,1
001935.jpg,1
001936.jpg,1
001937.jpg,0
001938.jpg,1
001939.jpg,1
001940.jpg,0
001941.jpg,0
001942.jpg,0
001943.jpg,0
001944.jpg,1
001945.jpg,0
001946.jpg,0
001947.jpg,0
001948.jpg,1
001949.jpg,1
001950.jpg,0
001951.jpg,1
001952.jpg,0
001953.jpg,0
001954.jpg,0
001955.jpg,0
001956.jpg,0
001957.jpg,0
001958.jpg,0
001959.jpg,1
001960.jpg,0
001961.jpg,1
001962.jpg,0
001963.jpg,0
001964.jpg,0
001965.jpg,1
001966.jpg,0
001967.jpg,0
001968.jpg,1
001969.jpg,0
001970.jpg,0
001971.jpg,1
001972.jpg,0
001973.jpg,1
001974.jpg,0
001975.jpg,1
001976.jpg,1
001977.jpg,1
001978.jpg,1
001979.jpg,0
001980.jpg,1
001981.jpg,1
001982.jpg,1
001983.jpg,1
001984.jpg,1
001985.jpg,1
001986.jpg,1
001987.jpg,0
001988.jpg,1
001989.jpg,0
001990.jpg,0
001991.jpg,0
001992.jpg,0
001993.jpg,0
001994.jpg,1
001995.jpg,1
001996.jpg,1
001997.jpg,0
001998.jpg,1
001999.jpg,1
002000.jpg,1
002001.jpg,1
002002.jpg,0
002003.jpg,1
002004.jpg,1
002005.jpg,0
002006.jpg,1
002007.jpg,1
002008.jpg,0
002009.jpg,1
002010.jpg,1
002011.jpg,0
002012.jpg,1
002013.jpg,1
002014.jpg,0
002015.jpg,0
002016.jpg,1
002017.jpg,0
002018.jpg,1
002019.jpg,0
002020.jpg,0
002021.jpg,0
002022.jpg,0
002023.jpg,0
002024.jpg,0
002025.jpg,0
002026.jpg,0
002027.jpg,0
002028.jpg,0
002029.jpg,0
002030.jpg,1
002031.jpg,0
002032.jpg,1
002033.jpg,1
002034.jpg,0
002035.jpg,0
002036.jpg,0
002037.jpg,1
002038.jpg,0
002039.jpg,1
002040.jpg,0
002041.jpg,1
002042.jpg,0
002043.jpg,0
002044.jpg,0
002045.jpg,0
002046.jpg,0
002047.jpg,0
002048.jpg,0
002049.jpg,1
002050.jpg,1
002051.jpg,0
002052.jpg,1
002053.jpg,0
002054.jpg,1
002055.jpg,1
002056.jpg,0
002057.jpg,0
002058.jpg,0
002059.jpg,0
002060.jpg,0
002061.jpg,1
002062.jpg,1
002063.jpg,1
002064.jpg,0
002065.jpg,1
002066.jpg,0
002067.jpg,0
002068.jpg,1
002069.jpg,1
002070.jpg,0
002071.jpg,0
002072.jpg,0
002073.jpg,0
002074.jpg,0
002075.jpg,1
002076.jpg,1
002077.jpg,0
002078.jpg,1
002079.jpg,0
002080.jpg,0
002081.jpg,1
002082.jpg,0
002083.jpg,0
002084.jpg,0
002085.jpg,0
002086.jpg,0
002087.jpg,0
002088.jpg,1
002089.jpg,1
002090.jpg,0
002091.jpg,0
002092.jpg,0
002093.jpg,0
002094.jpg,0
002095.jpg,1
002096.jpg,0
002097.jpg,0
002098.jpg,0
002099.jpg,0
002100.jpg,1
002101.jpg,0
002102.jpg,0
002103.jpg,0
002104.jpg,0
002105.jpg,0
002106.jpg,1
002107.jpg,0
002108.jpg,0
002109.jpg,0
002110.jpg,0
002111.jpg,0
002112.jpg,1
002113.jpg,0
002114.jpg,1
002115.jpg,0
002116.jpg,0
002117.jpg,0
002118.jpg,1
002119.jpg,0
002120.jpg,0
002121.jpg,1
002122.jpg,1
002123.jpg,1
002124.jpg,1
002125.jpg,1
002126.jpg,1
002127.jpg,0
002128.jpg,1
002129.jpg,0
002130.jpg,0
002131.jpg,1
002132.jpg,1
002133.jpg,0
002134.jpg,0
002135.jpg,1
002136.jpg,0
002137.jpg,0
002138.jpg,1
002139.jpg,1
002140.jpg,0
002141.jpg,1
002142.jpg,0
002143.jpg,1
002144.jpg,0
002145.jpg,1
002146.jpg,0
002147.jpg,0
002148.jpg,1
002149.jpg,1
002150.jpg,1
002151.jpg,1
002152.jpg,1
002153.jpg,0
002154.jpg,0
002155.jpg,1
002156.jpg,0
002157.jpg,0
002158.jpg,0
002159.jpg,0
002160.jpg,1
002161.jpg,0
002162.jpg,0
002163.jpg,0
002164.jpg,1
002165.jpg,0
002166.jpg,0
002167.jpg,0
002168.jpg,1
002169.jpg,0
002170.jpg,1
002171.jpg,0
002172.jpg,1
002173.jpg,1
002174.jpg,0
002175.jpg,0
002176.jpg,1
002177.jpg,1
002178.jpg,0
002179.jpg,0
002180.jpg,0
002181.jpg,1
002182.jpg,0
002183.jpg,0
002184.jpg,0
002185.jpg,1
002186.jpg,0
002187.jpg,1
002188.jpg,1
002189.jpg,0
002190.jpg,0
002191.jpg,1
002192.jpg,1
002193.jpg,0
002194.jpg,0
002195.jpg,1
002196.jpg,0
002197.jpg,0
002198.jpg,0
002199.jpg,0
002200.jpg,1
002201.jpg,0
002202.jpg,0
002203.jpg,1
002204.jpg,1
002205.jpg,1
002206.jpg,0
002207.jpg,0
002208.jpg,0
002209.jpg,0
002210.jpg,1
002211.jpg,1
002212.jpg,1
002213.jpg,1
002214.jpg,1
002215.jpg,1
002216.jpg,0
002217.jpg,0
002218.jpg,0
002219.jpg,0
002220.jpg,1
002221.jpg,0
002222.jpg,0
002223.jpg,1
002224.jpg,1
002225.jpg,1
002226.jpg,1
002227.jpg,1
002228.jpg,0
002229.jpg,1
002230.jpg,0
002231.jpg,0
002232.jpg,1
002233.jpg,0
002234.jpg,0
002235.jpg,0
002236.jpg,0
002237.jpg,0
002238.jpg,0
002239.jpg,0
002240.jpg,0
002241.jpg,0
002242.jpg,0
002243.jpg,0
002244.jpg,0
002245.jpg,1
002246.jpg,1
002247.jpg,0
002248.jpg,1
002249.jpg,0
002250.jpg,0
002251.jpg,0
002252.jpg,1
002253.jpg,1
002254.jpg,0
002255.jpg,1
002256.jpg,0
002257.jpg,1
002258.jpg,0
002259.jpg,1
002260.jpg,1
002261.jpg,0
002262.jpg,0
002263.jpg,0
002264.jpg,0
002265.jpg,1
002266.jpg,1
002267.jpg,0
002268.jpg,0
002269.jpg,0
002270.jpg,1
002271.jpg,0
002272.jpg,1
002273.jpg,0
002274.jpg,0
002275.jpg,1
002276.jpg,1
002277.jpg,1
002278.jpg,0
002279.jpg,0
002280.jpg,0
002281.jpg,1
002282.jpg,0
002283.jpg,1
002284.jpg,1
002285.jpg,0
002286.jpg,1
002287.jpg,0
002288.jpg,1
002289.jpg,0
002290.jpg,1
002291.jpg,1
002292.jpg,0
002293.jpg,1
002294.jpg,0
002295.jpg,1
002296.jpg,0
002297.jpg,1
002298.jpg,1
002299.jpg,1
002300.jpg,0
002301.jpg,1
002302.jpg,0
002303.jpg,0
002304.jpg,1
002305.jpg,1
002306.jpg,0
002307.jpg,0
002308.jpg,0
002309.jpg,1
002310.jpg,1
002311.jpg,1
002312.jpg,0
002313.jpg,1
002314.jpg,0
002315.jpg,1
002316.jpg,0
002317.jpg,1
002318.jpg,1
002319.jpg,1
002320.jpg,0
002321.jpg,0
002322.jpg,1
002323.jpg,0
002324.jpg,0
002325.jpg,1
002326.jpg,1
002327.jpg,1
002328.jpg,0
002329.jpg,0
002330.jpg,1
002331.jpg,0
002332.jpg,0
002333.jpg,1
002334.jpg,0
002335.jpg,1
002336.jpg,0
002337.jpg,0
002338.jpg,1
002339.jpg,0
002340.jpg,0
002341.jpg,1
002342.jpg,0
002343.jpg,0
002344.jpg,1
002345.jpg,1
002346.jpg,1
002347.jpg,0
002348.jpg,0
002349.jpg,0
002350.jpg,0
002351.jpg,1
002352.jpg,0
002353.jpg,0
002354.jpg,0
002355.jpg,0
002356.jpg,1
002357.jpg,1
002358.jpg,1
002359.jpg,1
002360.jpg,0
002361.jpg,0
002362.jpg,0
002363.jpg,1
002364.jpg,0
002365.jpg,0
002366.jpg,1
002367.jpg,0
002368.jpg,1
002369.jpg,0
002370.jpg,1
002371.jpg,1
002372.jpg,0
002373.jpg,1
002374.jpg,1
002375.jpg,0
002376.jpg,0
002377.jpg,0
002378.jpg,1
002379.jpg,0
002380.jpg,0
002381.jpg,1
002382.jpg,0
002383.jpg,0
002384.jpg,0
002385.jpg,1
002386.jpg,1
002387.jpg,0
002388.jpg,0
002389.jpg,1
002390.jpg,0
002391.jpg,1
002392.jpg,1
002393.jpg,0
002394.jpg,0
002395.jpg,0
002396.jpg,1
002397.jpg,0
002398.jpg,1
002399.jpg,1
002400.jpg,1
002401.jpg,0
002402.jpg,0
002403.jpg,0
002404.jpg,0
002405.jpg,1
002406.jpg,0
002407.jpg,0
002408.jpg,0
002409.jpg,0
002410.jpg,0
002411.jpg,0
002412.jpg,0
002413.jpg,0
002414.jpg,1
002415.jpg,1
002416.jpg,1
002417.jpg,1
002418.jpg,1
002419.jpg,0
002420.jpg,0
002421.jpg,1
002422.jpg,0
002423.jpg,1
002424.jpg,0
002425.jpg,0
002426.jpg,1
002427.jpg,0
002428.jpg,0
002429.jpg,0
002430.jpg,0
002431.jpg,1
002432.jpg,1
002433.jpg,1
002434.jpg,0
002435.jpg,1
002436.jpg,0
002437.jpg,0
002438.jpg,0
002439.jpg,0
002440.jpg,0
002441.jpg,0
002442.jpg,1
002443.jpg,0
002444.jpg,0
002445.jpg,0
002446.jpg,1
002447.jpg,0
002448.jpg,0
002449.jpg,1
002450.jpg,0
002451.jpg,0
002452.jpg,1
002453.jpg,0
002454.jpg,1
002455.jpg,1
002456.jpg,1
002457.jpg,0
002458.jpg,1
002459.jpg,1
002460.jpg,0
002461.jpg,1
002462.jpg,0
002463.jpg,0
002464.jpg,0
002465.jpg,1
002466.jpg,1
002467.jpg,0
002468.jpg,0
002469.jpg,0
002470.jpg,0
002471.jpg,0
002472.jpg,0
002473.jpg,0
002474.jpg,1
002475.jpg,0
002476.jpg,0
002477.jpg,1
002478.jpg,0
002479.jpg,1
002480.jpg,0
002481.jpg,0
002482.jpg,0
002483.jpg,1
002484.jpg,0
002485.jpg,0
002486.jpg,1
002487.jpg,0
002488.jpg,0
002489.jpg,0
002490.jpg,0
002491.jpg,0
002492.jpg,1
002493.jpg,0
002494.jpg,0
002495.jpg,0
002496.jpg,0
002497.jpg,1
002498.jpg,0
002499.jpg,0
002500.jpg,0
002501.jpg,0
002502.jpg,0
002503.jpg,0
002504.jpg,1
002505.jpg,1
002506.jpg,0
002507.jpg,1
002508.jpg,0
002509.jpg,0
002510.jpg,0
002511.jpg,1
002512.jpg,1
002513.jpg,0
002514.jpg,0
002515.jpg,1
002516.jpg,1
002517.jpg,0
002518.jpg,0
002519.jpg,1
002520.jpg,0
002521.jpg,0
002522.jpg,0
002523.jpg,0
002524.jpg,0
002525.jpg,0
002526.jpg,1
002527.jpg,0
002528.jpg,1
002529.jpg,1
002530.jpg,0
002531.jpg,0
002532.jpg,0
002533.jpg,0
002534.jpg,0
002535.jpg,0
002536.jpg,1
002537.jpg,1
002538.jpg,0
002539.jpg,0
002540.jpg,1
002541.jpg,1
002542.jpg,1
002543.jpg,1
002544.jpg,1
002545.jpg,0
002546.jpg,0
002547.jpg,1
002548.jpg,0
002549.jpg,0
002550.jpg,1
002551.jpg,1
002552.jpg,0
002553.jpg,0
002554.jpg,0
002555.jpg,0
002556.jpg,0
002557.jpg,0
002558.jpg,0
002559.jpg,1
002560.jpg,0
002561.jpg,0
002562.jpg,0
002563.jpg,1
002564.jpg,0
002565.jpg,1
002566.jpg,0
002567.jpg,1
002568.jpg,1
002569.jpg,0
002570.jpg,0
002571.jpg,0
002572.jpg,0
002573.jpg,0
002574.jpg,1
002575.jpg,1
002576.jpg,1
002577.jpg,0
002578.jpg,0
002579.jpg,0
002580.jpg,1
002581.jpg,0
002582.jpg,1
002583.jpg,1
002584.jpg,0
002585.jpg,1
002586.jpg,0
002587.jpg,0
002588.jpg,1
002589.jpg,0
002590.jpg,1
002591.jpg,1
002592.jpg,0
002593.jpg,1
002594.jpg,1
002595.jpg,0
002596.jpg,0
002597.jpg,0
002598.jpg,1
002599.jpg,0
002600.jpg,1
002601.jpg,1
002602.jpg,0
002603.jpg,0
002604.jpg,1
002605.jpg,0
002606.jpg,0
002607.jpg,0
002608.jpg,1
002609.jpg,0
002610.jpg,1
002611.jpg,1
002612.jpg,0
002613.jpg,1
002614.jpg,1
002615.jpg,0
002616.jpg,1
002617.jpg,1
002618.jpg,0
002619.jpg,0
002620.jpg,0
002621.jpg,1
002622.jpg,1
002623.jpg,1
002624.jpg,1
002625.jpg,1
002626.jpg,1
002627.jpg,0
002628.jpg,1
002629.jpg,0
002630.jpg,1
002631.jpg,1
002632.jpg,1
002633.jpg,0
002634.jpg,1
002635.jpg,0
002636.jpg,0
002637.jpg,1
002638.jpg,1
002639.jpg,0
002640.jpg,0
002641.jpg,0
002642.jpg,1
002643.jpg,0
002644.jpg,1
002645.jpg,1
002646.jpg,1
002647.jpg,1
002648.jpg,0
002649.jpg,0
002650.jpg,0
002651.jpg,0
002652.jpg,0
002653.jpg,0
002654.jpg,0
002655.jpg,1
002656.jpg,1
002657.jpg,0
002658.jpg,0
002659.jpg,1
002660.jpg,0
002661.jpg,1
002662.jpg,0
002663.jpg,0
002664.jpg,0
002665.jpg,1
002666.jpg,0
002667.jpg,1
002668.jpg,1
002669.jpg,0
002670.jpg,0
002671.jpg,1
002672.jpg,0
002673.jpg,1
002674.jpg,0
002675.jpg,0
002676.jpg,1
002677.jpg,0
002678.jpg,0
002679.jpg,0
002680.jpg,0
002681.jpg,0
002682.jpg,1
002683.jpg,0
002684.jpg,1
002685.jpg,0
002686.jpg,0
002687.jpg,0
002688.jpg,1
002689.jpg,0
002690.jpg,0
002691.jpg,0
002692.jpg,0
002693.jpg,0
002694.jpg,0
002695.jpg,0
002696.jpg,1
002697.jpg,1
002698.jpg,0
002699.jpg,1
002700.jpg,0
002701.jpg,0
002702.jpg,0
002703.jpg,1
002704.jpg,1
002705.jpg,0
002706.jpg,0
002707.jpg,0
002708.jpg,1
002709.jpg,0
002710.jpg,0
002711.jpg,0
002712.jpg,0
002713.jpg,0
002714.jpg,1
002715.jpg,1
002716.jpg,0
002717.jpg,0
002718.jpg,1
002719.jpg,1
002720.jpg,0
002721.jpg,0
002722.jpg,0
002723.jpg,1
002724.jpg,1
002725.jpg,1
002726.jpg,1
002727.jpg,0
002728.jpg,1
002729.jpg,1
002730.jpg,1
002731.jpg,0
002732.jpg,0
002733.jpg,1
002734.jpg,0
002735.jpg,0
002736.jpg,1
002737.jpg,1
002738.jpg,0
002739.jpg,0
002740.jpg,1
002741.jpg,1
002742.jpg,0
002743.jpg,1
002744.jpg,1
002745.jpg,0
002746.jpg,1
002747.jpg,1
002748.jpg,0
002749.jpg,0
002750.jpg,1
002751.jpg,0
002752.jpg,1
002753.jpg,0
002754.jpg,1
002755.jpg,0
002756.jpg,0
002757.jpg,0
002758.jpg,1
002759.jpg,0
002760.jpg,1
002761.jpg,0
002762.jpg,0
002763.jpg,1
002764.jpg,1
002765.jpg,1
002766.jpg,1
002767.jpg,0
002768.jpg,1
002769.jpg,0
002770.jpg,1
002771.jpg,1
002772.jpg,1
002773.jpg,0
002774.jpg,0
002775.jpg,0
002776.jpg,0
002777.jpg,0
002778.jpg,1
002779.jpg,1
002780.jpg,1
002781.jpg,1
002782.jpg,1
002783.jpg,0
002784.jpg,0
002785.jpg,0
002786.jpg,1
002787.jpg,1
002788.jpg,1
002789.jpg,0
002790.jpg,0
002791.jpg,1
002792.jpg,0
002793.jpg,1
002794.jpg,0
002795.jpg,0
002796.jpg,1
002797.jpg,0
002798.jpg,0
002799.jpg,0
002800.jpg,0
002801.jpg,0
002802.jpg,0
002803.jpg,1
002804.jpg,0
002805.jpg,1
002806.jpg,0
002807.jpg,1
002808.jpg,0
002809.jpg,0
002810.jpg,1
002811.jpg,0
002812.jpg,1
002813.jpg,0
002814.jpg,0
002815.jpg,1
002816.jpg,1
002817.jpg,0
002818.jpg,1
002819.jpg,1
002820.jpg,0
002821.jpg,1
002822.jpg,0
002823.jpg,0
002824.jpg,0
002825.jpg,0
002826.jpg,1
002827.jpg,0
002828.jpg,1
002829.jpg,1
002830.jpg,1
002831.jpg,0
002832.jpg,0
002833.jpg,0
002834.jpg,0
002835.jpg,1
002836.jpg,0
002837.jpg,0
002838.jpg,1
002839.jpg,0
002840.jpg,1
002841.jpg,0
002842.jpg,0
002843.jpg,0
002844.jpg,1
002845.jpg,0
002846.jpg,0
002847.jpg,0
002848.jpg,1
002849.jpg,0
002850.jpg,1
002851.jpg,0
002852.jpg,1
002853.jpg,1
002854.jpg,0
002855.jpg,0
002856.jpg,0
002857.jpg,0
002858.jpg,0
002859.jpg,1
002860.jpg,0
002861.jpg,0
002862.jpg,1
002863.jpg,1
002864.jpg,0
002865.jpg,1
002866.jpg,0
002867.jpg,0
002868.jpg,1
002869.jpg,1
002870.jpg,1
002871.jpg,0
002872.jpg,1
002873.jpg,1
002874.jpg,1
002875.jpg,0
002876.jpg,1
002877.jpg,0
002878.jpg,0
002879.jpg,0
002880.jpg,1
002881.jpg,1
002882.jpg,0
002883.jpg,1
002884.jpg,1
002885.jpg,1
002886.jpg,0
002887.jpg,0
002888.jpg,1
002889.jpg,0
002890.jpg,0
002891.jpg,1
002892.jpg,0
002893.jpg,0
002894.jpg,0
002895.jpg,0
002896.jpg,0
002897.jpg,0
002898.jpg,1
002899.jpg,0
002900.jpg,1
002901.jpg,1
002902.jpg,0
002903.jpg,0
002904.jpg,0
002905.jpg,0
002906.jpg,0
002907.jpg,1
002908.jpg,1
002909.jpg,0
002910.jpg,0
002911.jpg,0
002912.jpg,0
002913.jpg,0
002914.jpg,0
002915.jpg,0
002916.jpg,0
002917.jpg,0
002918.jpg,1
002919.jpg,0
002920.jpg,1
002921.jpg,1
002922.jpg,0
002923.jpg,0
002924.jpg,1
002925.jpg,1
002926.jpg,1
002927.jpg,0
002928.jpg,0
002929.jpg,0
002930.jpg,1
002931.jpg,1
002932.jpg,0
002933.jpg,1
002934.jpg,1
002935.jpg,1
002936.jpg,0
002937.jpg,0
002938.jpg,0
002939.jpg,0
002940.jpg,1
002941.jpg,0
002942.jpg,0
002943.jpg,0
002944.jpg,1
002945.jpg,1
002946.jpg,0
002947.jpg,0
002948.jpg,0
002949.jpg,1
002950.jpg,0
002951.jpg,1
002952.jpg,0
002953.jpg,0
002954.jpg,0
002955.jpg,0
002956.jpg,0
002957.jpg,0
002958.jpg,0
002959.jpg,0
002960.jpg,1
002961.jpg,1
002962.jpg,0
002963.jpg,1
002964.jpg,0
002965.jpg,1
002966.jpg,0
002967.jpg,0
002968.jpg,0
002969.jpg,1
002970.jpg,0
002971.jpg,0
002972.jpg,1
002973.jpg,1
002974.jpg,1
002975.jpg,1
002976.jpg,1
002977.jpg,0
002978.jpg,0
002979.jpg,1
002980.jpg,1
002981.jpg,1
002982.jpg,0
002983.jpg,0
002984.jpg,0
002985.jpg,0
002986.jpg,0
002987.jpg,1
002988.jpg,1
002989.jpg,1
002990.jpg,1
002991.jpg,0
002992.jpg,0
002993.jpg,0
002994.jpg,0
002995.jpg,0
002996.jpg,0
002997.jpg,0
002998.jpg,0
002999.jpg,0
003000.jpg,0
003001.jpg,1
003002.jpg,1
003003.jpg,1
003004.jpg,0
003005.jpg,0
003006.jpg,1
003007.jpg,1
003008.jpg,0
003009.jpg,0
003010.jpg,1
003011.jpg,0
003012.jpg,0
003013.jpg,0
003014.jpg,0
003015.jpg,1
003016.jpg,0
003017.jpg,1
003018.jpg,0
003019.jpg,0
003020.jpg,1
003021.jpg,0
003022.jpg,1
003023.jpg,0
003024.jpg,1
003025.jpg,1
003026.jpg,0
003027.jpg,1
003028.jpg,1
003029.jpg,1
003030.jpg,0
003031.jpg,1
003032.jpg,1
003033.jpg,0
003034.jpg,0
003035.jpg,1
003036.jpg,1
003037.jpg,0
003038.jpg,0
003039.jpg,1
003040.jpg,0
003041.jpg,0
003042.jpg,1
003043.jpg,0
003044.jpg,1
003045.jpg,0
003046.jpg,1
003047.jpg,0
003048.jpg,0
003049.jpg,1
003050.jpg,0
003051.jpg,1
003052.jpg,0
003053.jpg,0
003054.jpg,0
003055.jpg,1
003056.jpg,1
003057.jpg,0
003058.jpg,0
003059.jpg,1
003060.jpg,0
003061.jpg,1
003062.jpg,0
003063.jpg,1
003064.jpg,1
003065.jpg,1
003066.jpg,1
003067.jpg,1
003068.jpg,0
003069.jpg,0
003070.jpg,1
003071.jpg,1
003072.jpg,1
003073.jpg,0
003074.jpg,0
003075.jpg,1
003076.jpg,0
003077.jpg,1
003078.jpg,0
003079.jpg,1
003080.jpg,0
003081.jpg,0
003082.jpg,0
003083.jpg,1
003084.jpg,0
003085.jpg,1
003086.jpg,1
003087.jpg,0
003088.jpg,0
003089.jpg,1
003090.jpg,0
003091.jpg,1
003092.jpg,0
003093.jpg,1
003094.jpg,0
003095.jpg,0
003096.jpg,0
003097.jpg,0
003098.jpg,1
003099.jpg,1
003100.jpg,0
003101.jpg,0
003102.jpg,0
003103.jpg,1
003104.jpg,0
003105.jpg,0
003106.jpg,0
003107.jpg,1
003108.jpg,1
003109.jpg,1
003110.jpg,1
003111.jpg,1
003112.jpg,0
003113.jpg,0
003114.jpg,0
003115.jpg,0
003116.jpg,0
003117.jpg,0
003118.jpg,0
003119.jpg,0
003120.jpg,0
003121.jpg,0
003122.jpg,0
003123.jpg,0
003124.jpg,0
003125.jpg,1
003126.jpg,0
003127.jpg,0
003128.jpg,1
003129.jpg,0
003130.jpg,0
003131.jpg,0
003132.jpg,0
003133.jpg,0
003134.jpg,0
003135.jpg,0
003136.jpg,0
003137.jpg,1
003138.jpg,0
003139.jpg,0
003140.jpg,0
003141.jpg,0
003142.jpg,0
003143.jpg,0
003144.jpg,0
003145.jpg,0
003146.jpg,0
003147.jpg,1
003148.jpg,0
003149.jpg,1
003150.jpg,0
003151.jpg,0
003152.jpg,0
003153.jpg,1
003154.jpg,0
003155.jpg,0
003156.jpg,0
003157.jpg,0
003158.jpg,0
003159.jpg,1
003160.jpg,0
003161.jpg,0
003162.jpg,0
003163.jpg,0
003164.jpg,0
003165.jpg,1
003166.jpg,0
003167.jpg,0
003168.jpg,0
003169.jpg,0
003170.jpg,1
003171.jpg,0
003172.jpg,1
003173.jpg,0
003174.jpg,1
003175.jpg,0
003176.jpg,1
003177.jpg,1
003178.jpg,1
003179.jpg,0
003180.jpg,0
003181.jpg,0
003182.jpg,1
003183.jpg,0
003184.jpg,0
003185.jpg,1
003186.jpg,0
003187.jpg,0
003188.jpg,0
003189.jpg,0
003190.jpg,1
003191.jpg,1
003192.jpg,1
003193.jpg,0
003194.jpg,1
003195.jpg,0
003196.jpg,0
003197.jpg,0
003198.jpg,0
003199.jpg,1
003200.jpg,0
003201.jpg,0
003202.jpg,0
003203.jpg,0
003204.jpg,1
003205.jpg,0
003206.jpg,1
003207.jpg,1
003208.jpg,0
003209.jpg,1
003210.jpg,1
003211.jpg,1
003212.jpg,1
003213.jpg,1
003214.jpg,1
003215.jpg,0
003216.jpg,1
003217.jpg,0
003218.jpg,0
003219.jpg,0
003220.jpg,1
003221.jpg,0
003222.jpg,0
003223.jpg,0
003224.jpg,0
003225.jpg,0
003226.jpg,0
003227.jpg,1
003228.jpg,0
003229.jpg,1
003230.jpg,0
003231.jpg,1
003232.jpg,1
003233.jpg,0
003234.jpg,1
003235.jpg,0
003236.jpg,0
003237.jpg,0
003238.jpg,0
003239.jpg,1
003240.jpg,0
003241.jpg,0
003242.jpg,1
003243.jpg,1
003244.jpg,0
003245.jpg,0
003246.jpg,1
003247.jpg,0
003248.jpg,0
003249.jpg,1
003250.jpg,0
003251.jpg,0
003252.jpg,1
003253.jpg,1
003254.jpg,1
003255.jpg,0
003256.jpg,0
003257.jpg,0
003258.jpg,1
003259.jpg,0
003260.jpg,1
003261.jpg,1
003262.jpg,1
003263.jpg,0
003264.jpg,1
003265.jpg,1
003266.jpg,1
003267.jpg,0
003268.jpg,0
003269.jpg,0
003270.jpg,0
003271.jpg,0
003272.jpg,0
003273.jpg,0
003274.jpg,1
003275.jpg,0
003276.jpg,0
003277.jpg,1
003278.jpg,1
003279.jpg,1
003280.jpg,0
003281.jpg,0
003282.jpg,1
003283.jpg,0
003284.jpg,1
003285.jpg,1
003286.jpg,1
003287.jpg,0
003288.jpg,0
003289.jpg,1
003290.jpg,0
003291.jpg,1
003292.jpg,0
003293.jpg,0
003294.jpg,1
003295.jpg,0
003296.jpg,1
003297.jpg,0
003298.jpg,0
003299.jpg,1
003300.jpg,1
003301.jpg,0
003302.jpg,1
003303.jpg,0
003304.jpg,0
003305.jpg,1
003306.jpg,0
003307.jpg,1
003308.jpg,0
003309.jpg,1
003310.jpg,1
003311.jpg,1
003312.jpg,0
003313.jpg,0
003314.jpg,1
003315.jpg,1
003316.jpg,0
003317.jpg,1
003318.jpg,1
003319.jpg,0
003320.jpg,1
003321.jpg,0
003322.jpg,0
003323.jpg,0
003324.jpg,1
003325.jpg,1
003326.jpg,1
003327.jpg,0
003328.jpg,0
003329.jpg,0
003330.jpg,1
003331.jpg,0
003332.jpg,1
003333.jpg,1
003334.jpg,1
003335.jpg,1
003336.jpg,0
003337.jpg,0
003338.jpg,1
003339.jpg,0
003340.jpg,0
003341.jpg,0
003342.jpg,1
003343.jpg,0
003344.jpg,0
003345.jpg,1
003346.jpg,0
003347.jpg,0
003348.jpg,0
003349.jpg,0
003350.jpg,1
003351.jpg,0
003352.jpg,0
003353.jpg,0
003354.jpg,0
003355.jpg,0
003356.jpg,0
003357.jpg,0
003358.jpg,0
003359.jpg,0
003360.jpg,1
003361.jpg,0
003362.jpg,0
003363.jpg,0
003364.jpg,1
003365.jpg,0
003366.jpg,1
003367.jpg,1
003368.jpg,1
003369.jpg,1
003370.jpg,0
003371.jpg,1
003372.jpg,1
003373.jpg,0
003374.jpg,1
003375.jpg,0
003376.jpg,0
003377.jpg,0
003378.jpg,0
003379.jpg,0
003380.jpg,1
003381.jpg,0
003382.jpg,1
003383.jpg,0
003384.jpg,1
003385.jpg,0
003386.jpg,1
003387.jpg,1
003388.jpg,1
003389.jpg,0
003390.jpg,0
003391.jpg,0
003392.jpg,0
003393.jpg,1
003394.jpg,1
003395.jpg,0
003396.jpg,0
003397.jpg,0
003398.jpg,0
003399.jpg,0
003400.jpg,0
003401.jpg,0
003402.jpg,0
003403.jpg,0
003404.jpg,0
003405.jpg,0
003406.jpg,0
003407.jpg,1
003408.jpg,1
003409.jpg,0
003410.jpg,1
003411.jpg,0
003412.jpg,0
003413.jpg,1
003414.jpg,1
003415.jpg,0
003416.jpg,0
003417.jpg,0
003418.jpg,1
003419.jpg,1
003420.jpg,0
003421.jpg,0
003422.jpg,0
003423.jpg,1
003424.jpg,0
003425.jpg,1
003426.jpg,1
003427.jpg,0
003428.jpg,1
003429.jpg,0
003430.jpg,1
003431.jpg,1
003432.jpg,0
003433.jpg,1
003434.jpg,1
003435.jpg,0
003436.jpg,0
003437.jpg,1
003438.jpg,1
003439.jpg,1
003440.jpg,1
003441.jpg,0
003442.jpg,0
003443.jpg,0
003444.jpg,0
003445.jpg,0
003446.jpg,0
003447.jpg,1
003448.jpg,1
003449.jpg,0
003450.jpg,0
003451.jpg,1
003452.jpg,0
003453.jpg,0
003454.jpg,1
003455.jpg,1
003456.jpg,1
003457.jpg,1
003458.jpg,0
003459.jpg,0
003460.jpg,0
003461.jpg,1
003462.jpg,1
003463.jpg,0
003464.jpg,1
003465.jpg,1
003466.jpg,0
003467.jpg,1
003468.jpg,0
003469.jpg,0
003470.jpg,0
003471.jpg,0
003472.jpg,1
003473.jpg,0
003474.jpg,0
003475.jpg,1
003476.jpg,1
003477.jpg,1
003478.jpg,1
003479.jpg,0
003480.jpg,1
003481.jpg,1
003482.jpg,0
003483.jpg,0
003484.jpg,0
003485.jpg,0
003486.jpg,0
003487.jpg,0
003488.jpg,0
003489.jpg,0
003490.jpg,1
003491.jpg,1
003492.jpg,1
003493.jpg,1
003494.jpg,1
003495.jpg,0
003496.jpg,0
003497.jpg,1
003498.jpg,0
003499.jpg,0
003500.jpg,0
003501.jpg,0
003502.jpg,0
003503.jpg,1
003504.jpg,1
003505.jpg,0
003506.jpg,0
003507.jpg,0
003508.jpg,0
003509.jpg,0
003510.jpg,1
003511.jpg,1
003512.jpg,0
003513.jpg,1
003514.jpg,0
003515.jpg,1
003516.jpg,1
003517.jpg,0
003518.jpg,0
003519.jpg,0
003520.jpg,1
003521.jpg,0
003522.jpg,1
003523.jpg,1
003524.jpg,1
003525.jpg,0
003526.jpg,1
003527.jpg,1
003528.jpg,1
003529.jpg,1
003530.jpg,0
003531.jpg,1
003532.jpg,0
003533.jpg,0
003534.jpg,0
003535.jpg,1
003536.jpg,0
003537.jpg,0
003538.jpg,1
003539.jpg,0
003540.jpg,0
003541.jpg,1
003542.jpg,0
003543.jpg,1
003544.jpg,1
003545.jpg,0
003546.jpg,1
003547.jpg,0
003548.jpg,1
003549.jpg,1
003550.jpg,0
003551.jpg,1
003552.jpg,0
003553.jpg,0
003554.jpg,1
003555.jpg,0
003556.jpg,1
003557.jpg,0
003558.jpg,0
003559.jpg,0
003560.jpg,1
003561.jpg,0
003562.jpg,1
003563.jpg,0
003564.jpg,0
003565.jpg,1
003566.jpg,1
003567.jpg,1
003568.jpg,0
003569.jpg,1
003570.jpg,0
003571.jpg,0
003572.jpg,0
003573.jpg,0
003574.jpg,1
003575.jpg,0
003576.jpg,1
003577.jpg,1
003578.jpg,0
003579.jpg,0
003580.jpg,1
003581.jpg,0
003582.jpg,0
003583.jpg,1
003584.jpg,1
003585.jpg,1
003586.jpg,1
003587.jpg,1
003588.jpg,0
003589.jpg,0
003590.jpg,0
003591.jpg,0
003592.jpg,0
003593.jpg,0
003594.jpg,0
003595.jpg,1
003596.jpg,0
003597.jpg,1
003598.jpg,0
003599.jpg,0
003600.jpg,1
003601.jpg,0
003602.jpg,1
003603.jpg,0
003604.jpg,1
003605.jpg,0
003606.jpg,1
003607.jpg,0
003608.jpg,0
003609.jpg,0
003610.jpg,0
003611.jpg,0
003612.jpg,0
003613.jpg,0
003614.jpg,1
003615.jpg,0
003616.jpg,0
003617.jpg,0
003618.jpg,0
003619.jpg,0
003620.jpg,0
003621.jpg,0
003622.jpg,1
003623.jpg,1
003624.jpg,1
003625.jpg,0
003626.jpg,1
003627.jpg,1
003628.jpg,1
003629.jpg,0
003630.jpg,1
003631.jpg,0
003632.jpg,0
003633.jpg,0
003634.jpg,1
003635.jpg,0
003636.jpg,0
003637.jpg,0
003638.jpg,1
003639.jpg,1
003640.jpg,0
003641.jpg,0
003642.jpg,0
003643.jpg,0
003644.jpg,1
003645.jpg,0
003646.jpg,1
003647.jpg,0
003648.jpg,0
003649.jpg,0
003650.jpg,1
003651.jpg,0
003652.jpg,0
003653.jpg,0
003654.jpg,0
003655.jpg,0
003656.jpg,1
003657.jpg,0
003658.jpg,0
003659.jpg,0
003660.jpg,0
003661.jpg,0
003662.jpg,1
003663.jpg,1
003664.jpg,0
003665.jpg,0
003666.jpg,0
003667.jpg,1
003668.jpg,1
003669.jpg,0
003670.jpg,0
003671.jpg,0
003672.jpg,0
003673.jpg,0
003674.jpg,0
003675.jpg,0
003676.jpg,1
003677.jpg,1
003678.jpg,1
003679.jpg,1
003680.jpg,1
003681.jpg,0
003682.jpg,0
003683.jpg,1
003684.jpg,1
003685.jpg,0
003686.jpg,1
003687.jpg,1
003688.jpg,0
003689.jpg,0
003690.jpg,1
003691.jpg,0
003692.jpg,0
003693.jpg,0
003694.jpg,1
003695.jpg,1
003696.jpg,1
003697.jpg,0
003698.jpg,1
003699.jpg,1
003700.jpg,1
003701.jpg,0
003702.jpg,0
003703.jpg,1
003704.jpg,1
003705.jpg,0
003706.jpg,0
003707.jpg,1
003708.jpg,1
003709.jpg,1
003710.jpg,0
003711.jpg,1
003712.jpg,0
003713.jpg,1
003714.jpg,1
003715.jpg,1
003716.jpg,0
003717.jpg,0
003718.jpg,1
003719.jpg,0
003720.jpg,1
003721.jpg,0
003722.jpg,1
003723.jpg,0
003724.jpg,0
003725.jpg,0
003726.jpg,1
003727.jpg,0
003728.jpg,0
003729.jpg,0
003730.jpg,0
003731.jpg,0
003732.jpg,0
003733.jpg,1
003734.jpg,1
003735.jpg,1
003736.jpg,0
003737.jpg,1
003738.jpg,0
003739.jpg,0
003740.jpg,1
003741.jpg,0
003742.jpg,0
003743.jpg,0
003744.jpg,1
003745.jpg,0
003746.jpg,1
003747.jpg,1
003748.jpg,0
003749.jpg,0
003750.jpg,0
003751.jpg,1
003752.jpg,1
003753.jpg,0
003754.jpg,0
003755.jpg,1
003756.jpg,0
003757.jpg,0
003758.jpg,1
003759.jpg,0
003760.jpg,0
003761.jpg,1
003762.jpg,1
003763.jpg,0
003764.jpg,0
003765.jpg,0
003766.jpg,1
003767.jpg,0
003768.jpg,0
003769.jpg,1
003770.jpg,1
003771.jpg,0
003772.jpg,1
003773.jpg,1
003774.jpg,0
003775.jpg,0
003776.jpg,0
003777.jpg,1
003778.jpg,1
003779.jpg,0
003780.jpg,1
003781.jpg,0
003782.jpg,1
003783.jpg,1
003784.jpg,1
003785.jpg,1
003786.jpg,0
003787.jpg,0
003788.jpg,0
003789.jpg,0
003790.jpg,0
003791.jpg,1
003792.jpg,0
003793.jpg,0
003794.jpg,0
003795.jpg,0
003796.jpg,1
003797.jpg,1
003798.jpg,0
003799.jpg,1
003800.jpg,1
003801.jpg,1
003802.jpg,0
003803.jpg,1
003804.jpg,0
003805.jpg,1
003806.jpg,1
003807.jpg,0
003808.jpg,0
003809.jpg,0
003810.jpg,0
003811.jpg,0
003812.jpg,0
003813.jpg,0
003814.jpg,0
003815.jpg,0
003816.jpg,1
003817.jpg,0
003818.jpg,1
003819.jpg,1
003820.jpg,1
003821.jpg,0
003822.jpg,0
003823.jpg,1
003824.jpg,0
003825.jpg,1
003826.jpg,1
003827.jpg,0
003828.jpg,0
003829.jpg,1
003830.jpg,0
003831.jpg,1
003832.jpg,0
003833.jpg,0
003834.jpg,0
003835.jpg,0
003836.jpg,0
003837.jpg,1
003838.jpg,0
003839.jpg,0
003840.jpg,0
003841.jpg,0
003842.jpg,0
003843.jpg,0
003844.jpg,0
003845.jpg,1
003846.jpg,1
003847.jpg,0
003848.jpg,0
003849.jpg,1
003850.jpg,1
003851.jpg,0
003852.jpg,0
003853.jpg,1
003854.jpg,0
003855.jpg,0
003856.jpg,0
003857.jpg,0
003858.jpg,1
003859.jpg,1
003860.jpg,1
003861.jpg,0
003862.jpg,0
003863.jpg,0
003864.jpg,1
003865.jpg,1
003866.jpg,1
003867.jpg,1
003868.jpg,1
003869.jpg,0
003870.jpg,0
003871.jpg,1
003872.jpg,1
003873.jpg,1
003874.jpg,0
003875.jpg,1
003876.jpg,1
003877.jpg,1
003878.jpg,1
003879.jpg,1
003880.jpg,1
003881.jpg,0
003882.jpg,0
003883.jpg,1
003884.jpg,1
003885.jpg,1
003886.jpg,1
003887.jpg,1
003888.jpg,0
003889.jpg,0
003890.jpg,1
003891.jpg,0
003892.jpg,0
003893.jpg,0
003894.jpg,1
003895.jpg,1
003896.jpg,0
003897.jpg,0
003898.jpg,0
003899.jpg,0
003900.jpg,0
003901.jpg,0
003902.jpg,0
003903.jpg,0
003904.jpg,1
003905.jpg,0
003906.jpg,0
003907.jpg,0
003908.jpg,1
003909.jpg,1
003910.jpg,0
003911.jpg,0
003912.jpg,1
003913.jpg,1
003914.jpg,1
003915.jpg,0
003916.jpg,1
003917.jpg,0
003918.jpg,0
003919.jpg,0
003920.jpg,0
003921.jpg,0
003922.jpg,0
003923.jpg,0
003924.jpg,1
003925.jpg,0
003926.jpg,0
003927.jpg,1
003928.jpg,1
003929.jpg,0
003930.jpg,0
003931.jpg,1
003932.jpg,0
003933.jpg,0
003934.jpg,0
003935.jpg,0
003936.jpg,0
003937.jpg,0
003938.jpg,1
003939.jpg,0
003940.jpg,1
003941.jpg,1
003942.jpg,1
003943.jpg,1
003944.jpg,1
003945.jpg,0
003946.jpg,1
003947.jpg,0
003948.jpg,0
003949.jpg,0
003950.jpg,0
003951.jpg,1
003952.jpg,0
003953.jpg,0
003954.jpg,0
003955.jpg,1
003956.jpg,0
003957.jpg,0
003958.jpg,1
003959.jpg,1
003960.jpg,0
003961.jpg,0
003962.jpg,0
003963.jpg,0
003964.jpg,0
003965.jpg,0
003966.jpg,0
003967.jpg,0
003968.jpg,0
003969.jpg,0
003970.jpg,1
003971.jpg,0
003972.jpg,0
003973.jpg,0
003974.jpg,1
003975.jpg,1
003976.jpg,0
003977.jpg,1
003978.jpg,1
003979.jpg,0
003980.jpg,1
003981.jpg,1
003982.jpg,0
003983.jpg,1
003984.jpg,0
003985.jpg,0
003986.jpg,0
003987.jpg,1
003988.jpg,0
003989.jpg,0
003990.jpg,0
003991.jpg,1
003992.jpg,1
003993.jpg,1
003994.jpg,1
003995.jpg,0
003996.jpg,1
003997.jpg,0
003998.jpg,0
003999.jpg,0
004000.jpg,1